County,2024-2029 Growth Rate: Population
"Bedford County, TN",0.87%
"Benton County, TN",-0.13%
"Cannon County, TN",0.45%
"Cheatham County, TN",0.47%
"Coffee County, TN",0.74%
"Davidson County, TN",1.28%
"Decatur County, TN",-0.09%
"DeKalb County, TN",0.70%
"Dickson County, TN",0.77%
"Henry County, TN",-0.05%
"Hickman County, TN",0.40%
"Houston County, TN",-0.03%
"Humphreys County, TN",0.12%
"Macon County, TN",1.00%
"Marshall County, TN",1.08%
"Maury County, TN",2.04%
"Montgomery County, TN",1.89%
"Perry County, TN",0.51%
"Robertson County, TN",1.01%
"Rutherford County, TN",1.91%
"Smith County, TN",0.48%
"Stewart County, TN",0.34%
"Sumner County, TN",1.33%
"Trousdale County, TN",1.39%
"Williamson County, TN",1.90%
"Wilson County, TN",2.10%