County,2024 Median Household Income
"Bedford County, TN","$69,333"
"Benton County, TN","$49,327"
"Cannon County, TN","$63,517"
"Cheatham County, TN","$85,041"
"Coffee County, TN","$59,958"
"Davidson County, TN","$74,490"
"Decatur County, TN","$49,913"
"DeKalb County, TN","$51,224"
"Dickson County, TN","$74,386"
"Henry County, TN","$52,738"
"Hickman County, TN","$57,452"
"Houston County, TN","$57,231"
"Humphreys County, TN","$58,558"
"Macon County, TN","$52,855"
"Marshall County, TN","$70,564"
"Maury County, TN","$74,611"
"Montgomery County, TN","$71,382"
"Perry County, TN","$55,031"
"Robertson County, TN","$82,320"
"Rutherford County, TN","$82,113"
"Smith County, TN","$59,401"
"Stewart County, TN","$64,962"
"Sumner County, TN","$93,593"
"Trousdale County, TN","$62,144"
"Williamson County, TN","$132,580"
"Wilson County, TN","$93,684"